﻿{"result":[{"node":{"documentWidth":1280,"node":{"0":{"next":{"0":1},"sourceEndpoint":"Bottom","flowchartElement":"startCaElement_0","top":0.30671296296296297,"left":0.05625,"groupId":0,"destEndpoint":"Left"},"1":{"next":{"0":4},"sourceEndpoint":"Right","flowchartElement":"processElement_1","top":0.28935185185185186,"left":0.1703125,"inputs":{"Map to Previous Step":{"source":"Step ID","value":""},"URL":{"source":"URL","value":"http://172.30.58.27/dmapim/publisher/login.html?publisherName=oracle12"}},"groupId":1,"hasValueFromCSV":"no","destEndpoint":"Left","actionInfo":{"actionType":"UI Operations","actionTypeOuterKey":"UI_Operations","categoryHeaderLabel":"Open URL","action":"Launch URL"},"label":"open browser","screenshot":false},"2":{"next":{"0":5},"sourceEndpoint":"Bottom","flowchartElement":"web_InputElement_2","top":0.2986111111111111,"left":0.59375,"inputs":{"Map to Previous Step":{"source":"Step ID","value":""},"Locate By":{"source":"Xpath","value":"//button[contains(text(),'Login')]"}},"groupId":2,"hasValueFromCSV":"no","destEndpoint":"Left","actionInfo":{"actionType":"Mouse Operations","actionTypeOuterKey":"Mouse_Operations","categoryHeaderLabel":"Click","action":"Left Single Click"},"label":"click","screenshot":false},"3":{"next":{"0":2},"sourceEndpoint":"Right","flowchartElement":"web_InputElement_3","top":0.29398148148148145,"left":0.44921875,"inputs":{"Map to Previous Step":{"source":"Step ID","value":""},"Locate By":{"source":"id","value":"password"},"Content":{"source":"Userdefined","value":"Password123!"}},"groupId":3,"hasValueFromCSV":"no","destEndpoint":"Left","actionInfo":{"actionType":"Set Operations","actionTypeOuterKey":"Set_Operations","categoryHeaderLabel":"Text Box","action":"Enter Content in Text Box"},"label":"Password","screenshot":false},"4":{"next":{"0":3},"sourceEndpoint":"Right","flowchartElement":"web_InputElement_4","top":0.29398148148148145,"left":0.31640625,"inputs":{"Map to Previous Step":{"source":"Step ID","value":""},"Locate By":{"source":"id","value":"username_view"},"Content":{"source":"Userdefined","value":"admin"}},"groupId":4,"hasValueFromCSV":"no","destEndpoint":"Left","actionInfo":{"actionType":"Set Operations","actionTypeOuterKey":"Set_Operations","categoryHeaderLabel":"Text Box","action":"Enter Content in Text Box"},"label":"user name","screenshot":false},"5":{"next":{},"flowchartElement":"connectorElement_5","top":0.5729166666666666,"left":0.646875,"groupId":5},"@type":"d","@version":0},"documentHeight":864,"customActionName":"APIC login","tsDbInfoIsUsed":false,"tsApiInfoIsUsed":false},"@rid":"#30:2","@class":"customAction","isDeleted":false,"custActionInfo":{"description":""},"@type":"d","@version":15562,"usedIn":["{\"testSuiteRid\":\"#28:59\",\"testCaseRid\":\"#20:253\"}","{\"testSuiteRid\":\"#28:80\",\"testCaseRid\":\"#20:425\"}","{\"testSuiteRid\":\"#28:56\",\"testCaseRid\":\"#20:192\"}","{\"testSuiteRid\":\"#28:92\",\"testCaseRid\":\"#20:461\"}","{\"testSuiteRid\":\"#28:26\",\"testCaseRid\":\"#20:20\"}","{\"testSuiteRid\":\"#28:22\",\"testCaseRid\":\"#20:13\"}","{\"testSuiteRid\":\"#28:33\",\"testCaseRid\":\"#20:76\"}","{\"testSuiteRid\":\"#28:29\",\"testCaseRid\":\"#20:54\"}","{\"testSuiteRid\":\"#28:57\",\"testCaseRid\":\"#20:208\"}","{\"testSuiteRid\":\"#28:56\",\"testCaseRid\":\"#20:189\"}","{\"testSuiteRid\":\"#28:16\",\"testCaseRid\":\"#20:5\"}","{\"testSuiteRid\":\"#28:20\",\"testCaseRid\":\"#20:11\"}","{\"testSuiteRid\":\"#28:31\",\"testCaseRid\":\"#20:62\"}","{\"testSuiteRid\":\"#28:92\",\"testCaseRid\":\"#20:460\"}","{\"testSuiteRid\":\"#28:75\",\"testCaseRid\":\"#20:428\"}","{\"testSuiteRid\":\"#28:102\",\"testCaseRid\":\"#20:497\"}","{\"testSuiteRid\":\"#28:59\",\"testCaseRid\":\"#20:227\"}","{\"testSuiteRid\":\"#28:93\",\"testCaseRid\":\"#20:470\"}","{\"testSuiteRid\":\"#28:66\",\"testCaseRid\":\"#20:325\"}","{\"testSuiteRid\":\"#28:76\",\"testCaseRid\":\"#20:403\"}","{\"testSuiteRid\":\"#28:75\",\"testCaseRid\":\"#20:430\"}","{\"testSuiteRid\":\"#28:79\",\"testCaseRid\":\"#20:431\"}","{\"testSuiteRid\":\"#28:59\",\"testCaseRid\":\"#20:252\"}","{\"testSuiteRid\":\"#28:80\",\"testCaseRid\":\"#20:426\"}","{\"testSuiteRid\":\"#28:56\",\"testCaseRid\":\"#20:191\"}","{\"testSuiteRid\":\"#28:88\",\"testCaseRid\":\"#20:522\"}","{\"testSuiteRid\":\"#28:92\",\"testCaseRid\":\"#20:462\"}","{\"testSuiteRid\":\"#28:79\",\"testCaseRid\":\"#20:416\"}","{\"testSuiteRid\":\"#28:29\",\"testCaseRid\":\"#20:55\"}","{\"testSuiteRid\":\"#28:33\",\"testCaseRid\":\"#20:75\"}","{\"testSuiteRid\":\"#28:57\",\"testCaseRid\":\"#20:207\"}","{\"testSuiteRid\":\"#28:59\",\"testCaseRid\":\"#20:237\"}","{\"testSuiteRid\":\"#28:57\",\"testCaseRid\":\"#20:316\"}","{\"testSuiteRid\":\"#28:56\",\"testCaseRid\":\"#20:188\"}","{\"testSuiteRid\":\"#28:59\",\"testCaseRid\":\"#20:241\"}","{\"testSuiteRid\":\"#28:31\",\"testCaseRid\":\"#20:63\"}","{\"testSuiteRid\":\"#28:75\",\"testCaseRid\":\"#20:404\"}","{\"testSuiteRid\":\"#28:102\",\"testCaseRid\":\"#20:498\"}","{\"testSuiteRid\":\"#28:58\",\"testCaseRid\":\"#20:210\"}","{\"testSuiteRid\":\"#28:12\",\"testCaseRid\":\"#20:1\"}","{\"testSuiteRid\":\"#28:59\",\"testCaseRid\":\"#20:226\"}","{\"testSuiteRid\":\"#28:66\",\"testCaseRid\":\"#20:324\"}","{\"testSuiteRid\":\"#28:103\",\"testCaseRid\":\"#20:505\"}","{\"testSuiteRid\":\"#28:59\",\"testCaseRid\":\"#20:249\"}","{\"testSuiteRid\":\"#28:82\",\"testCaseRid\":\"#20:434\"}","{\"testSuiteRid\":\"#28:93\",\"testCaseRid\":\"#20:472\"}","{\"testSuiteRid\":\"#28:59\",\"testCaseRid\":\"#20:251\"}","{\"testSuiteRid\":\"#28:56\",\"testCaseRid\":\"#20:190\"}","{\"testSuiteRid\":\"#28:17\",\"testCaseRid\":\"#20:10\"}","{\"testSuiteRid\":\"#28:92\",\"testCaseRid\":\"#20:467\"}","{\"testSuiteRid\":\"#28:29\",\"testCaseRid\":\"#20:56\"}","{\"testSuiteRid\":\"#28:57\",\"testCaseRid\":\"#20:196\"}","{\"testSuiteRid\":\"#28:90\",\"testCaseRid\":\"#20:456\"}","{\"testSuiteRid\":\"#28:59\",\"testCaseRid\":\"#20:236\"}","{\"testSuiteRid\":\"#28:59\",\"testCaseRid\":\"#20:259\"}","{\"testSuiteRid\":\"#28:95\",\"testCaseRid\":\"#20:479\"}","{\"testSuiteRid\":\"#28:56\",\"testCaseRid\":\"#20:187\"}","{\"testSuiteRid\":\"#28:76\",\"testCaseRid\":\"#20:405\"}","{\"testSuiteRid\":\"#28:59\",\"testCaseRid\":\"#20:240\"}","{\"testSuiteRid\":\"#28:57\",\"testCaseRid\":\"#20:213\"}","{\"testSuiteRid\":\"#28:102\",\"testCaseRid\":\"#20:504\"}","{\"testSuiteRid\":\"#28:93\",\"testCaseRid\":\"#20:469\"}","{\"testSuiteRid\":\"#28:102\",\"testCaseRid\":\"#20:499\"}","{\"testSuiteRid\":\"#28:75\",\"testCaseRid\":\"#20:407\"}","{\"testSuiteRid\":\"#28:59\",\"testCaseRid\":\"#20:225\"}","{\"testSuiteRid\":\"#28:66\",\"testCaseRid\":\"#20:323\"}","{\"testSuiteRid\":\"#28:59\",\"testCaseRid\":\"#20:248\"}","{\"testSuiteRid\":\"#28:79\",\"testCaseRid\":\"#20:429\"}","{\"testSuiteRid\":\"#28:82\",\"testCaseRid\":\"#20:433\"}","{\"testSuiteRid\":\"#28:80\",\"testCaseRid\":\"#20:420\"}","{\"testSuiteRid\":\"#28:66\",\"testCaseRid\":\"#20:319\"}","{\"testSuiteRid\":\"#28:59\",\"testCaseRid\":\"#20:250\"}","{\"testSuiteRid\":\"#28:93\",\"testCaseRid\":\"#20:471\"}","{\"testSuiteRid\":\"#28:76\",\"testCaseRid\":\"#20:395\"}","{\"testSuiteRid\":\"#28:56\",\"testCaseRid\":\"#20:383\"}","{\"testSuiteRid\":\"#28:84\",\"testCaseRid\":\"#20:444\"}","{\"testSuiteRid\":\"#28:90\",\"testCaseRid\":\"#20:455\"}","{\"testSuiteRid\":\"#28:29\",\"testCaseRid\":\"#20:57\"}","{\"testSuiteRid\":\"#28:34\",\"testCaseRid\":\"#20:91\"}","{\"testSuiteRid\":\"#28:57\",\"testCaseRid\":\"#20:197\"}","{\"testSuiteRid\":\"#28:22\",\"testCaseRid\":\"#20:16\"}","{\"testSuiteRid\":\"#28:59\",\"testCaseRid\":\"#20:235\"}","{\"testSuiteRid\":\"#28:59\",\"testCaseRid\":\"#20:258\"}","{\"testSuiteRid\":\"#28:26\",\"testCaseRid\":\"#20:27\"}","{\"testSuiteRid\":\"#28:58\",\"testCaseRid\":\"#20:198\"}","{\"testSuiteRid\":\"#28:56\",\"testCaseRid\":\"#20:186\"}","{\"testSuiteRid\":\"#28:102\",\"testCaseRid\":\"#20:503\"}","{\"testSuiteRid\":\"#28:93\",\"testCaseRid\":\"#20:468\"}","{\"testSuiteRid\":\"#28:75\",\"testCaseRid\":\"#20:406\"}","{\"testSuiteRid\":\"#28:81\",\"testCaseRid\":\"#20:432\"}","{\"testSuiteRid\":\"#28:59\",\"testCaseRid\":\"#20:224\"}","{\"testSuiteRid\":\"#28:66\",\"testCaseRid\":\"#20:322\"}","{\"testSuiteRid\":\"#28:59\",\"testCaseRid\":\"#20:247\"}","{\"testSuiteRid\":\"#28:84\",\"testCaseRid\":\"#20:443\"}","{\"testSuiteRid\":\"#28:80\",\"testCaseRid\":\"#20:421\"}","{\"testSuiteRid\":\"#28:59\",\"testCaseRid\":\"#20:234\"}","{\"testSuiteRid\":\"#28:86\",\"testCaseRid\":\"#20:450\"}","{\"testSuiteRid\":\"#28:82\",\"testCaseRid\":\"#20:436\"}","{\"testSuiteRid\":\"#28:75\",\"testCaseRid\":\"#20:387\"}","{\"testSuiteRid\":\"#28:92\",\"testCaseRid\":\"#20:465\"}","{\"testSuiteRid\":\"#28:90\",\"testCaseRid\":\"#20:458\"}","{\"testSuiteRid\":\"#28:29\",\"testCaseRid\":\"#20:310\"}","{\"testSuiteRid\":\"#28:57\",\"testCaseRid\":\"#20:194\"}","{\"testSuiteRid\":\"#28:59\",\"testCaseRid\":\"#20:219\"}","{\"testSuiteRid\":\"#28:59\",\"testCaseRid\":\"#20:257\"}","{\"testSuiteRid\":\"#28:79\",\"testCaseRid\":\"#20:419\"}","{\"testSuiteRid\":\"#28:29\",\"testCaseRid\":\"#20:50\"}","{\"testSuiteRid\":\"#28:30\",\"testCaseRid\":\"#20:85\"}","{\"testSuiteRid\":\"#28:58\",\"testCaseRid\":\"#20:199\"}","{\"testSuiteRid\":\"#28:59\",\"testCaseRid\":\"#20:223\"}","{\"testSuiteRid\":\"#28:102\",\"testCaseRid\":\"#20:502\"}","{\"testSuiteRid\":\"#28:56\",\"testCaseRid\":\"#20:185\"}","{\"testSuiteRid\":\"#28:75\",\"testCaseRid\":\"#20:401\"}","{\"testSuiteRid\":\"#28:75\",\"testCaseRid\":\"#20:409\"}","{\"testSuiteRid\":\"#28:75\",\"testCaseRid\":\"#20:390\"}","{\"testSuiteRid\":\"#28:59\",\"testCaseRid\":\"#20:246\"}","{\"testSuiteRid\":\"#28:103\",\"testCaseRid\":\"#20:508\"}","{\"testSuiteRid\":\"#28:30\",\"testCaseRid\":\"#20:59\"}","{\"testSuiteRid\":\"#28:59\",\"testCaseRid\":\"#20:233\"}","{\"testSuiteRid\":\"#28:59\",\"testCaseRid\":\"#20:256\"}","{\"testSuiteRid\":\"#28:76\",\"testCaseRid\":\"#20:397\"}","{\"testSuiteRid\":\"#28:80\",\"testCaseRid\":\"#20:422\"}","{\"testSuiteRid\":\"#28:93\",\"testCaseRid\":\"#20:473\"}","{\"testSuiteRid\":\"#28:66\",\"testCaseRid\":\"#20:317\"}","{\"testSuiteRid\":\"#28:79\",\"testCaseRid\":\"#20:412\"}","{\"testSuiteRid\":\"#28:82\",\"testCaseRid\":\"#20:435\"}","{\"testSuiteRid\":\"#28:92\",\"testCaseRid\":\"#20:466\"}","{\"testSuiteRid\":\"#28:15\",\"testCaseRid\":\"#20:4\"}","{\"testSuiteRid\":\"#28:90\",\"testCaseRid\":\"#20:457\"}","{\"testSuiteRid\":\"#28:57\",\"testCaseRid\":\"#20:195\"}","{\"testSuiteRid\":\"#28:26\",\"testCaseRid\":\"#20:25\"}","{\"testSuiteRid\":\"#28:29\",\"testCaseRid\":\"#20:51\"}","{\"testSuiteRid\":\"#28:59\",\"testCaseRid\":\"#20:218\"}","{\"testSuiteRid\":\"#28:22\",\"testCaseRid\":\"#20:18\"}","{\"testSuiteRid\":\"#28:103\",\"testCaseRid\":\"#20:509\"}","{\"testSuiteRid\":\"#28:30\",\"testCaseRid\":\"#20:86\"}","{\"testSuiteRid\":\"#28:59\",\"testCaseRid\":\"#20:245\"}","{\"testSuiteRid\":\"#28:59\",\"testCaseRid\":\"#20:222\"}","{\"testSuiteRid\":\"#28:57\",\"testCaseRid\":\"#20:214\"}","{\"testSuiteRid\":\"#28:102\",\"testCaseRid\":\"#20:501\"}","{\"testSuiteRid\":\"#28:56\",\"testCaseRid\":\"#20:184\"}","{\"testSuiteRid\":\"#28:75\",\"testCaseRid\":\"#20:400\"}","{\"testSuiteRid\":\"#28:75\",\"testCaseRid\":\"#20:408\"}","{\"testSuiteRid\":\"#28:66\",\"testCaseRid\":\"#20:320\"}","{\"testSuiteRid\":\"#28:29\",\"testCaseRid\":\"#20:90\"}","{\"testSuiteRid\":\"#28:59\",\"testCaseRid\":\"#20:232\"}","{\"testSuiteRid\":\"#28:59\",\"testCaseRid\":\"#20:255\"}","{\"testSuiteRid\":\"#28:80\",\"testCaseRid\":\"#20:423\"}","{\"testSuiteRid\":\"#28:35\",\"testCaseRid\":\"#20:88\"}","{\"testSuiteRid\":\"#28:75\",\"testCaseRid\":\"#20:414\"}","{\"testSuiteRid\":\"#28:58\",\"testCaseRid\":\"#20:242\"}","{\"testSuiteRid\":\"#28:75\",\"testCaseRid\":\"#20:389\"}","{\"testSuiteRid\":\"#28:92\",\"testCaseRid\":\"#20:463\"}","{\"testSuiteRid\":\"#28:30\",\"testCaseRid\":\"#20:68\"}","{\"testSuiteRid\":\"#28:33\",\"testCaseRid\":\"#20:78\"}","{\"testSuiteRid\":\"#28:29\",\"testCaseRid\":\"#20:52\"}","{\"testSuiteRid\":\"#28:57\",\"testCaseRid\":\"#20:206\"}","{\"testSuiteRid\":\"#28:22\",\"testCaseRid\":\"#20:19\"}","{\"testSuiteRid\":\"#28:30\",\"testCaseRid\":\"#20:83\"}","{\"testSuiteRid\":\"#28:30\",\"testCaseRid\":\"#20:60\"}","{\"testSuiteRid\":\"#28:59\",\"testCaseRid\":\"#20:244\"}","{\"testSuiteRid\":\"#28:57\",\"testCaseRid\":\"#20:315\"}","{\"testSuiteRid\":\"#28:59\",\"testCaseRid\":\"#20:221\"}","{\"testSuiteRid\":\"#28:102\",\"testCaseRid\":\"#20:500\"}","{\"testSuiteRid\":\"#28:66\",\"testCaseRid\":\"#20:327\"}","{\"testSuiteRid\":\"#28:12\",\"testCaseRid\":\"#20:47\"}","{\"testSuiteRid\":\"#28:31\",\"testCaseRid\":\"#20:64\"}","{\"testSuiteRid\":\"#28:34\",\"testCaseRid\":\"#20:313\"}","{\"testSuiteRid\":\"#28:82\",\"testCaseRid\":\"#20:449\"}","{\"testSuiteRid\":\"#28:33\",\"testCaseRid\":\"#20:89\"}","{\"testSuiteRid\":\"#28:75\",\"testCaseRid\":\"#20:392\"}","{\"testSuiteRid\":\"#28:98\",\"testCaseRid\":\"#20:481\"}","{\"testSuiteRid\":\"#28:57\",\"testCaseRid\":\"#20:217\"}","{\"testSuiteRid\":\"#28:103\",\"testCaseRid\":\"#20:506\"}","{\"testSuiteRid\":\"#28:59\",\"testCaseRid\":\"#20:231\"}","{\"testSuiteRid\":\"#28:59\",\"testCaseRid\":\"#20:254\"}","{\"testSuiteRid\":\"#28:80\",\"testCaseRid\":\"#20:424\"}","{\"testSuiteRid\":\"#28:76\",\"testCaseRid\":\"#20:391\"}","{\"testSuiteRid\":\"#28:82\",\"testCaseRid\":\"#20:437\"}","{\"testSuiteRid\":\"#28:75\",\"testCaseRid\":\"#20:388\"}","{\"testSuiteRid\":\"#28:31\",\"testCaseRid\":\"#20:66\"}","{\"testSuiteRid\":\"#28:90\",\"testCaseRid\":\"#20:459\"}","{\"testSuiteRid\":\"#28:92\",\"testCaseRid\":\"#20:464\"}","{\"testSuiteRid\":\"#28:15\",\"testCaseRid\":\"#20:6\"}","{\"testSuiteRid\":\"#28:58\",\"testCaseRid\":\"#20:243\"}","{\"testSuiteRid\":\"#28:29\",\"testCaseRid\":\"#20:53\"}","{\"testSuiteRid\":\"#28:33\",\"testCaseRid\":\"#20:77\"}","{\"testSuiteRid\":\"#28:57\",\"testCaseRid\":\"#20:205\"}","{\"testSuiteRid\":\"#28:26\",\"testCaseRid\":\"#20:23\"}","{\"testSuiteRid\":\"#28:57\",\"testCaseRid\":\"#20:193\"}","{\"testSuiteRid\":\"#28:30\",\"testCaseRid\":\"#20:84\"}","{\"testSuiteRid\":\"#28:27\",\"testCaseRid\":\"#20:26\"}","{\"testSuiteRid\":\"#28:57\",\"testCaseRid\":\"#20:314\"}","{\"testSuiteRid\":\"#28:30\",\"testCaseRid\":\"#20:61\"}","{\"testSuiteRid\":\"#28:59\",\"testCaseRid\":\"#20:220\"}","{\"testSuiteRid\":\"#28:31\",\"testCaseRid\":\"#20:65\"}","{\"testSuiteRid\":\"#28:97\",\"testCaseRid\":\"#20:480\"}","{\"testSuiteRid\":\"#28:17\",\"testCaseRid\":\"#20:7\"}","{\"testSuiteRid\":\"#28:57\",\"testCaseRid\":\"#20:216\"}","{\"testSuiteRid\":\"#28:66\",\"testCaseRid\":\"#20:326\"}","{\"testSuiteRid\":\"#28:76\",\"testCaseRid\":\"#20:402\"}","{\"testSuiteRid\":\"#28:30\",\"testCaseRid\":\"#20:58\"}","{\"testSuiteRid\":\"#28:59\",\"testCaseRid\":\"#20:228\"}","{\"testSuiteRid\":\"#28:103\",\"testCaseRid\":\"#20:507\"}"],"name":"APIC login","@fieldTypes":"usedIn=e","tag":"Default","userId":2},{"node":{"documentWidth":1280,"node":{"0":{"next":{"0":1},"sourceEndpoint":"Bottom","flowchartElement":"startCaElement_0","top":0.1851040525739321,"left":-0.02734375,"groupId":0,"destEndpoint":"Left"},"1":{"next":{"0":5},"sourceEndpoint":"Right","flowchartElement":"processElement_1","top":0.244249726177437,"left":0.0375,"inputs":{"Map to Previous Step":{"source":"Step ID","value":""},"URL":{"source":"URL","value":"http://172.30.66.187:8080/repopro/login.html"}},"groupId":1,"hasValueFromCSV":"no","destEndpoint":"Left","actionInfo":{"actionType":"UI Operations","actionTypeOuterKey":"UI_Operations","categoryHeaderLabel":"Open URL","action":"Launch URL"},"label":"open browser","screenshot":false},"2":{"next":{},"flowchartElement":"connectorElement_2","top":0.24096385542168675,"left":0.56015625,"groupId":2},"3":{"next":{"0":2},"sourceEndpoint":"Right","flowchartElement":"web_InputElement_3","top":0.24315443592552027,"left":0.434375,"inputs":{"Map to Previous Step":{"source":"Step ID","value":""},"Locate By":{"source":"Xpath","value":"//button[contains(text(), 'Login')]"}},"groupId":3,"hasValueFromCSV":"no","destEndpoint":"Left","actionInfo":{"actionType":"Mouse Operations","actionTypeOuterKey":"Mouse_Operations","categoryHeaderLabel":"Click","action":"Left Single Click"},"label":"click login","screenshot":false},"4":{"next":{"0":3},"sourceEndpoint":"Right","flowchartElement":"web_InputElement_4","top":0.24534501642935377,"left":0.29765625,"inputs":{"Map to Previous Step":{"source":"Step ID","value":""},"Locate By":{"source":"id","value":"password"},"Content":{"source":"Userdefined","value":"password"}},"groupId":4,"hasValueFromCSV":"no","destEndpoint":"Left","actionInfo":{"actionType":"Set Operations","actionTypeOuterKey":"Set_Operations","categoryHeaderLabel":"Text Box","action":"Enter Content in Text Box"},"label":"password","screenshot":false},"5":{"next":{"0":4},"sourceEndpoint":"Right","flowchartElement":"web_InputElement_5","top":0.24096385542168675,"left":0.146875,"inputs":{"Map to Previous Step":{"source":"Step ID","value":""},"Locate By":{"source":"id","value":"username_view"},"Content":{"source":"Userdefined","value":"admin"}},"groupId":5,"hasValueFromCSV":"no","destEndpoint":"Left","actionInfo":{"actionType":"Set Operations","actionTypeOuterKey":"Set_Operations","categoryHeaderLabel":"Text Box","action":"Enter Content in Text Box"},"label":"user name","screenshot":false},"@type":"d","@version":0},"documentHeight":913,"customActionName":"Repopro login","tsDbInfoIsUsed":false,"tsApiInfoIsUsed":false},"@rid":"#30:5","@class":"customAction","isDeleted":false,"custActionInfo":{},"@type":"d","@version":6028,"usedIn":["{\"testSuiteRid\":\"#28:61\",\"testCaseRid\":\"#20:291\"}","{\"testSuiteRid\":\"#28:61\",\"testCaseRid\":\"#20:265\"}","{\"testSuiteRid\":\"#28:61\",\"testCaseRid\":\"#20:288\"}","{\"testSuiteRid\":\"#28:61\",\"testCaseRid\":\"#20:261\"}","{\"testSuiteRid\":\"#28:36\",\"testCaseRid\":\"#20:104\"}","{\"testSuiteRid\":\"#28:101\",\"testCaseRid\":\"#20:494\"}","{\"testSuiteRid\":\"#28:53\",\"testCaseRid\":\"#20:172\"}","{\"testSuiteRid\":\"#28:61\",\"testCaseRid\":\"#20:269\"}","{\"testSuiteRid\":\"#28:101\",\"testCaseRid\":\"#20:490\"}","{\"testSuiteRid\":\"#28:53\",\"testCaseRid\":\"#20:176\"}","{\"testSuiteRid\":\"#28:36\",\"testCaseRid\":\"#20:94\"}","{\"testSuiteRid\":\"#28:49\",\"testCaseRid\":\"#20:145\"}","{\"testSuiteRid\":\"#28:50\",\"testCaseRid\":\"#20:178\"}","{\"testSuiteRid\":\"#28:50\",\"testCaseRid\":\"#20:151\"}","{\"testSuiteRid\":\"#28:101\",\"testCaseRid\":\"#20:495\"}","{\"testSuiteRid\":\"#28:49\",\"testCaseRid\":\"#20:141\"}","{\"testSuiteRid\":\"#28:38\",\"testCaseRid\":\"#20:100\"}","{\"testSuiteRid\":\"#28:44\",\"testCaseRid\":\"#20:119\"}","{\"testSuiteRid\":\"#28:51\",\"testCaseRid\":\"#20:160\"}","{\"testSuiteRid\":\"#28:36\",\"testCaseRid\":\"#20:111\"}","{\"testSuiteRid\":\"#28:52\",\"testCaseRid\":\"#20:163\"}","{\"testSuiteRid\":\"#28:65\",\"testCaseRid\":\"#20:304\"}","{\"testSuiteRid\":\"#28:48\",\"testCaseRid\":\"#20:137\"}","{\"testSuiteRid\":\"#28:43\",\"testCaseRid\":\"#20:113\"}","{\"testSuiteRid\":\"#28:52\",\"testCaseRid\":\"#20:167\"}","{\"testSuiteRid\":\"#28:44\",\"testCaseRid\":\"#20:130\"}","{\"testSuiteRid\":\"#28:51\",\"testCaseRid\":\"#20:157\"}","{\"testSuiteRid\":\"#28:42\",\"testCaseRid\":\"#20:122\"}","{\"testSuiteRid\":\"#28:53\",\"testCaseRid\":\"#20:169\"}","{\"testSuiteRid\":\"#28:71\",\"testCaseRid\":\"#20:399\"}","{\"testSuiteRid\":\"#28:51\",\"testCaseRid\":\"#20:153\"}","{\"testSuiteRid\":\"#28:61\",\"testCaseRid\":\"#20:273\"}","{\"testSuiteRid\":\"#28:47\",\"testCaseRid\":\"#20:139\"}","{\"testSuiteRid\":\"#28:42\",\"testCaseRid\":\"#20:107\"}","{\"testSuiteRid\":\"#28:63\",\"testCaseRid\":\"#20:283\"}","{\"testSuiteRid\":\"#28:70\",\"testCaseRid\":\"#20:366\"}","{\"testSuiteRid\":\"#28:45\",\"testCaseRid\":\"#20:134\"}","{\"testSuiteRid\":\"#28:69\",\"testCaseRid\":\"#20:398\"}","{\"testSuiteRid\":\"#28:44\",\"testCaseRid\":\"#20:129\"}","{\"testSuiteRid\":\"#28:61\",\"testCaseRid\":\"#20:292\"}","{\"testSuiteRid\":\"#28:50\",\"testCaseRid\":\"#20:149\"}","{\"testSuiteRid\":\"#28:61\",\"testCaseRid\":\"#20:289\"}","{\"testSuiteRid\":\"#28:61\",\"testCaseRid\":\"#20:266\"}","{\"testSuiteRid\":\"#28:61\",\"testCaseRid\":\"#20:262\"}","{\"testSuiteRid\":\"#28:40\",\"testCaseRid\":\"#20:128\"}","{\"testSuiteRid\":\"#28:53\",\"testCaseRid\":\"#20:171\"}","{\"testSuiteRid\":\"#28:44\",\"testCaseRid\":\"#20:125\"}","{\"testSuiteRid\":\"#28:101\",\"testCaseRid\":\"#20:493\"}","{\"testSuiteRid\":\"#28:53\",\"testCaseRid\":\"#20:175\"}","{\"testSuiteRid\":\"#28:49\",\"testCaseRid\":\"#20:142\"}","{\"testSuiteRid\":\"#28:50\",\"testCaseRid\":\"#20:152\"}","{\"testSuiteRid\":\"#28:52\",\"testCaseRid\":\"#20:164\"}","{\"testSuiteRid\":\"#28:43\",\"testCaseRid\":\"#20:114\"}","{\"testSuiteRid\":\"#28:48\",\"testCaseRid\":\"#20:138\"}","{\"testSuiteRid\":\"#28:51\",\"testCaseRid\":\"#20:156\"}","{\"testSuiteRid\":\"#28:53\",\"testCaseRid\":\"#20:168\"}","{\"testSuiteRid\":\"#28:51\",\"testCaseRid\":\"#20:179\"}","{\"testSuiteRid\":\"#28:61\",\"testCaseRid\":\"#20:274\"}","{\"testSuiteRid\":\"#28:63\",\"testCaseRid\":\"#20:282\"}","{\"testSuiteRid\":\"#28:49\",\"testCaseRid\":\"#20:146\"}","{\"testSuiteRid\":\"#28:101\",\"testCaseRid\":\"#20:489\"}","{\"testSuiteRid\":\"#28:45\",\"testCaseRid\":\"#20:133\"}","{\"testSuiteRid\":\"#28:47\",\"testCaseRid\":\"#20:140\"}","{\"testSuiteRid\":\"#28:61\",\"testCaseRid\":\"#20:270\"}","{\"testSuiteRid\":\"#28:61\",\"testCaseRid\":\"#20:267\"}","{\"testSuiteRid\":\"#28:46\",\"testCaseRid\":\"#20:135\"}","{\"testSuiteRid\":\"#28:40\",\"testCaseRid\":\"#20:102\"}","{\"testSuiteRid\":\"#28:36\",\"testCaseRid\":\"#20:106\"}","{\"testSuiteRid\":\"#28:40\",\"testCaseRid\":\"#20:121\"}","{\"testSuiteRid\":\"#28:101\",\"testCaseRid\":\"#20:492\"}","{\"testSuiteRid\":\"#28:53\",\"testCaseRid\":\"#20:170\"}","{\"testSuiteRid\":\"#28:53\",\"testCaseRid\":\"#20:174\"}","{\"testSuiteRid\":\"#28:36\",\"testCaseRid\":\"#20:92\"}","{\"testSuiteRid\":\"#28:49\",\"testCaseRid\":\"#20:143\"}","{\"testSuiteRid\":\"#28:43\",\"testCaseRid\":\"#20:115\"}","{\"testSuiteRid\":\"#28:52\",\"testCaseRid\":\"#20:161\"}","{\"testSuiteRid\":\"#28:41\",\"testCaseRid\":\"#20:103\"}","{\"testSuiteRid\":\"#28:36\",\"testCaseRid\":\"#20:96\"}","{\"testSuiteRid\":\"#28:52\",\"testCaseRid\":\"#20:165\"}","{\"testSuiteRid\":\"#28:51\",\"testCaseRid\":\"#20:155\"}","{\"testSuiteRid\":\"#28:63\",\"testCaseRid\":\"#20:281\"}","{\"testSuiteRid\":\"#28:70\",\"testCaseRid\":\"#20:360\"}","{\"testSuiteRid\":\"#28:42\",\"testCaseRid\":\"#20:124\"}","{\"testSuiteRid\":\"#28:38\",\"testCaseRid\":\"#20:98\"}","{\"testSuiteRid\":\"#28:51\",\"testCaseRid\":\"#20:159\"}","{\"testSuiteRid\":\"#28:50\",\"testCaseRid\":\"#20:147\"}","{\"testSuiteRid\":\"#28:63\",\"testCaseRid\":\"#20:280\"}","{\"testSuiteRid\":\"#28:61\",\"testCaseRid\":\"#20:271\"}","{\"testSuiteRid\":\"#28:61\",\"testCaseRid\":\"#20:290\"}","{\"testSuiteRid\":\"#28:61\",\"testCaseRid\":\"#20:268\"}","{\"testSuiteRid\":\"#28:53\",\"testCaseRid\":\"#20:386\"}","{\"testSuiteRid\":\"#28:61\",\"testCaseRid\":\"#20:287\"}","{\"testSuiteRid\":\"#28:61\",\"testCaseRid\":\"#20:264\"}","{\"testSuiteRid\":\"#28:36\",\"testCaseRid\":\"#20:105\"}","{\"testSuiteRid\":\"#28:46\",\"testCaseRid\":\"#20:136\"}","{\"testSuiteRid\":\"#28:44\",\"testCaseRid\":\"#20:127\"}","{\"testSuiteRid\":\"#28:101\",\"testCaseRid\":\"#20:491\"}","{\"testSuiteRid\":\"#28:40\",\"testCaseRid\":\"#20:126\"}","{\"testSuiteRid\":\"#28:53\",\"testCaseRid\":\"#20:173\"}","{\"testSuiteRid\":\"#28:50\",\"testCaseRid\":\"#20:177\"}","{\"testSuiteRid\":\"#28:36\",\"testCaseRid\":\"#20:95\"}","{\"testSuiteRid\":\"#28:49\",\"testCaseRid\":\"#20:144\"}","{\"testSuiteRid\":\"#28:101\",\"testCaseRid\":\"#20:496\"}","{\"testSuiteRid\":\"#28:43\",\"testCaseRid\":\"#20:116\"}","{\"testSuiteRid\":\"#28:61\",\"testCaseRid\":\"#20:260\"}","{\"testSuiteRid\":\"#28:39\",\"testCaseRid\":\"#20:101\"}","{\"testSuiteRid\":\"#28:36\",\"testCaseRid\":\"#20:112\"}","{\"testSuiteRid\":\"#28:52\",\"testCaseRid\":\"#20:162\"}","{\"testSuiteRid\":\"#28:52\",\"testCaseRid\":\"#20:166\"}","{\"testSuiteRid\":\"#28:61\",\"testCaseRid\":\"#20:272\"}","{\"testSuiteRid\":\"#28:63\",\"testCaseRid\":\"#20:284\"}","{\"testSuiteRid\":\"#28:42\",\"testCaseRid\":\"#20:123\"}","{\"testSuiteRid\":\"#28:38\",\"testCaseRid\":\"#20:99\"}","{\"testSuiteRid\":\"#28:51\",\"testCaseRid\":\"#20:158\"}"],"name":"Repopro login","@fieldTypes":"usedIn=e","tag":"Repo","userId":2},{"node":{"documentWidth":1280,"node":{"0":{"next":{"0":2},"sourceEndpoint":"Bottom","flowchartElement":"startCaElement_0","top":0.17086527929901424,"left":-0.05546875,"groupId":0,"destEndpoint":"Left"},"1":{"next":{},"flowchartElement":"connectorElement_1","top":0.40963855421686746,"left":0.64609375,"groupId":1},"2":{"next":{"0":3},"sourceEndpoint":"Right","flowchartElement":"processElement_2","top":0.17305585980284777,"left":0.04296875,"inputs":{"Grid Application Name":{"source":"Userdefined","value":""},"URL":{"source":"URL","value":""}},"groupId":2,"hasValueFromCSV":"no","destEndpoint":"Left","actionInfo":{"actionType":"UI Operations","actionTypeOuterKey":"UI_Operations","categoryHeaderLabel":"Open Browser","action":"Launch Chrome"},"label":"open browser","screenshot":false},"3":{"next":{"0":1},"sourceEndpoint":"Right","flowchartElement":"web_InputElement_3","top":0.17634173055859803,"left":0.1625,"inputs":{"Map to Previous Step":{"source":"Step ID","value":""},"Locate By":{"source":"id","value":"username_view"},"Content":{"source":"Userdefined","value":"admin"}},"groupId":3,"hasValueFromCSV":"no","destEndpoint":"Top","actionInfo":{"actionType":"Set Operations","actionTypeOuterKey":"Set_Operations","categoryHeaderLabel":"Text Box","action":"Enter Content in Text Box"},"label":"username","screenshot":false},"@type":"d","@version":0},"documentHeight":913,"customActionName":"demo","tsDbInfoIsUsed":false,"tsApiInfoIsUsed":false},"@rid":"#30:6","@class":"customAction","isDeleted":false,"custActionInfo":{},"@type":"d","@version":12,"usedIn":[],"name":"demo","@fieldTypes":"usedIn=e","tag":"demo","userId":2},{"node":{"documentWidth":1280,"node":{"0":{"next":{"0":1},"sourceEndpoint":"Bottom","flowchartElement":"startCaElement_0","top":0.2683461117196057,"left":-0.0203125,"groupId":0,"destEndpoint":"Left"},"1":{"next":{"0":4},"sourceEndpoint":"Right","flowchartElement":"processElement_1","top":0.27710843373493976,"left":0.11640625,"inputs":{"Map to Previous Step":{"source":"Step ID","value":""},"URL":{"source":"URL","value":"https://172.30.58.43/login"}},"groupId":1,"hasValueFromCSV":"no","destEndpoint":"Left","actionInfo":{"actionType":"UI Operations","actionTypeOuterKey":"UI_Operations","categoryHeaderLabel":"Open URL","action":"Launch URL"},"label":"open browser","screenshot":false},"2":{"next":{"0":5},"sourceEndpoint":"Bottom","flowchartElement":"web_InputElement_2","top":0.2782037239868565,"left":0.64140625,"inputs":{"Map to Previous Step":{"source":"Step ID","value":""},"Locate By":{"source":"Xpath","value":"//span[contains(text(), 'Login')]"}},"groupId":2,"hasValueFromCSV":"no","destEndpoint":"Left","actionInfo":{"actionType":"Mouse Operations","actionTypeOuterKey":"Mouse_Operations","categoryHeaderLabel":"Click","action":"Left Single Click"},"label":"Login","screenshot":false},"3":{"next":{"0":2},"sourceEndpoint":"Right","flowchartElement":"web_InputElement_3","top":0.28039430449069,"left":0.49375,"inputs":{"Map to Previous Step":{"source":"Step ID","value":""},"Locate By":{"source":"Xpath","value":"//input[@formcontrolname='password']"},"Content":{"source":"Userdefined","value":"jonsnow09!"}},"groupId":3,"hasValueFromCSV":"no","destEndpoint":"Left","actionInfo":{"actionType":"Set Operations","actionTypeOuterKey":"Set_Operations","categoryHeaderLabel":"Text Box","action":"Enter Content in Text Box"},"label":"Password","screenshot":false},"4":{"next":{"0":3},"sourceEndpoint":"Right","flowchartElement":"web_InputElement_4","top":0.28039430449069,"left":0.2953125,"inputs":{"Map to Previous Step":{"source":"Step ID","value":""},"Locate By":{"source":"Xpath","value":"//input[@formcontrolname='username']"},"Content":{"source":"Userdefined","value":"hema_krishna"}},"groupId":4,"hasValueFromCSV":"no","destEndpoint":"Left","actionInfo":{"actionType":"Set Operations","actionTypeOuterKey":"Set_Operations","categoryHeaderLabel":"Text Box","action":"Enter Content in Text Box"},"label":"user name","screenshot":false},"5":{"next":{},"flowchartElement":"connectorElement_5","top":0.39759036144578314,"left":0.7859375,"groupId":5},"@type":"d","@version":0},"documentHeight":913,"customActionName":"automaton login","tsDbInfoIsUsed":false,"tsApiInfoIsUsed":false},"@rid":"#30:7","@class":"customAction","isDeleted":false,"custActionInfo":{},"@type":"d","@version":103,"usedIn":["{\"testSuiteRid\":\"#28:62\",\"testCaseRid\":\"#20:278\"}","{\"testSuiteRid\":\"#28:62\",\"testCaseRid\":\"#20:277\"}","{\"testSuiteRid\":\"#28:62\",\"testCaseRid\":\"#20:276\"}","{\"testSuiteRid\":\"#28:62\",\"testCaseRid\":\"#20:275\"}","{\"testSuiteRid\":\"#28:54\",\"testCaseRid\":\"#20:183\"}","{\"testSuiteRid\":\"#28:54\",\"testCaseRid\":\"#20:182\"}","{\"testSuiteRid\":\"#28:54\",\"testCaseRid\":\"#20:181\"}","{\"testSuiteRid\":\"#28:54\",\"testCaseRid\":\"#20:180\"}","{\"testSuiteRid\":\"#28:62\",\"testCaseRid\":\"#20:279\"}"],"name":"automaton login","@fieldTypes":"usedIn=e","tag":"automaton","userId":2},{"node":{"documentWidth":1280,"node":{"0":{"next":{"0":1},"sourceEndpoint":"Bottom","flowchartElement":"startCaElement_0","top":0.30671296296296297,"left":0.05625,"groupId":0,"destEndpoint":"Left"},"1":{"next":{"0":4},"sourceEndpoint":"Right","flowchartElement":"processElement_1","top":0.28935185185185186,"left":0.1703125,"inputs":{"Map to Previous Step":{"source":"Step ID","value":""},"URL":{"source":"URL","value":"http://172.30.58.27/dmapim/publisher/login.html?publisherName=oracle"}},"groupId":1,"hasValueFromCSV":"no","destEndpoint":"Left","actionInfo":{"actionType":"UI Operations","actionTypeOuterKey":"UI_Operations","categoryHeaderLabel":"Open URL","action":"Launch URL"},"label":"open browser","screenshot":false},"2":{"next":{"0":5},"sourceEndpoint":"Bottom","flowchartElement":"web_InputElement_2","top":0.42939814814814814,"left":0.678125,"inputs":{"Map to Previous Step":{"source":"Step ID","value":""},"Locate By":{"source":"Xpath","value":"//button[contains(text(),'Login')]"}},"groupId":2,"hasValueFromCSV":"no","destEndpoint":"Left","actionInfo":{"actionType":"Mouse Operations","actionTypeOuterKey":"Mouse_Operations","categoryHeaderLabel":"Click","action":"Left Single Click"},"label":"click","screenshot":false},"3":{"next":{"0":2},"sourceEndpoint":"Bottom","flowchartElement":"web_InputElement_3","top":0.28125,"left":0.5484375,"inputs":{"Map to Previous Step":{"source":"Step ID","value":""},"Locate By":{"source":"id","value":"password"},"Content":{"source":"Userdefined","value":"Password123!"}},"groupId":3,"hasValueFromCSV":"no","destEndpoint":"Top","actionInfo":{"actionType":"Set Operations","actionTypeOuterKey":"Set_Operations","categoryHeaderLabel":"Text Box","action":"Enter Content in Text Box"},"label":"Password","screenshot":false},"4":{"next":{"0":3},"sourceEndpoint":"Right","flowchartElement":"web_InputElement_4","top":0.29282407407407407,"left":0.3140625,"inputs":{"Map to Previous Step":{"source":"Step ID","value":""},"Locate By":{"source":"id","value":"username_view"},"Content":{"source":"Userdefined","value":"admin"}},"groupId":4,"hasValueFromCSV":"no","destEndpoint":"Left","actionInfo":{"actionType":"Set Operations","actionTypeOuterKey":"Set_Operations","categoryHeaderLabel":"Text Box","action":"Enter Content in Text Box"},"label":"user name","screenshot":false},"5":{"next":{},"flowchartElement":"connectorElement_5","top":0.6122685185185185,"left":0.58671875,"groupId":5},"@type":"d","@version":0},"documentHeight":864,"customActionName":"APIC login_CA","tsDbInfoIsUsed":false,"tsApiInfoIsUsed":false},"@rid":"#30:8","@class":"customAction","isDeleted":false,"custActionInfo":{},"@type":"d","@version":10,"usedIn":[],"name":"APIC login_CA","@fieldTypes":"usedIn=e","tag":"demo","userId":2},{"node":{"documentWidth":1440,"node":{"0":{"next":{"0":2},"sourceEndpoint":"Bottom","flowchartElement":"startCaElement_0","top":0.32297297297297295,"left":-0.01597222222222222,"groupId":0,"destEndpoint":"Left"},"1":{"next":{"0":3},"sourceEndpoint":"Right","flowchartElement":"web_InputElement_1","top":0.3567567567567568,"left":0.1798611111111111,"inputs":{"Map to Previous Step":{"source":"Step ID","value":""},"Locate By":{"source":"id","value":"userName"},"Content":{"source":"Userdefined","value":"alex"}},"groupId":1,"hasValueFromCSV":"no","destEndpoint":"Left","actionInfo":{"actionType":"Set Operations","actionTypeOuterKey":"Set_Operations","categoryHeaderLabel":"Text Box","action":"Enter Content in Text Box"},"label":"Enter username","screenshot":false},"2":{"next":{"0":1},"sourceEndpoint":"Right","flowchartElement":"processElement_2","top":0.35405405405405405,"left":0.06041666666666667,"inputs":{"Map to Previous Step":{"source":"Step ID","value":""},"URL":{"source":"URL","value":"http://54.87.28.195:3000/index.html"}},"groupId":2,"hasValueFromCSV":"no","destEndpoint":"Left","actionInfo":{"actionType":"UI Operations","actionTypeOuterKey":"UI_Operations","categoryHeaderLabel":"Open URL","action":"Launch URL"},"label":"open browser","screenshot":false},"3":{"next":{"0":4},"sourceEndpoint":"Right","flowchartElement":"web_InputElement_3","top":0.35945945945945945,"left":0.30277777777777776,"inputs":{"Map to Previous Step":{"source":"Step ID","value":""},"Locate By":{"source":"id","value":"password"},"Content":{"source":"Userdefined","value":"alex"}},"groupId":3,"hasValueFromCSV":"no","destEndpoint":"Left","actionInfo":{"actionType":"Set Operations","actionTypeOuterKey":"Set_Operations","categoryHeaderLabel":"Text Box","action":"Enter Content in Text Box"},"label":"enter password","screenshot":false},"4":{"next":{"0":5},"sourceEndpoint":"Right","flowchartElement":"web_InputElement_4","top":0.35945945945945945,"left":0.43333333333333335,"inputs":{"Map to Previous Step":{"source":"Step ID","value":""},"Locate By":{"source":"id","value":"submit"}},"groupId":4,"hasValueFromCSV":"no","destEndpoint":"Left","actionInfo":{"actionType":"Mouse Operations","actionTypeOuterKey":"Mouse_Operations","categoryHeaderLabel":"Click","action":"Left Single Click"},"label":"click on login","screenshot":false},"5":{"next":{},"flowchartElement":"connectorElement_5","top":0.3554054054054054,"left":0.5791666666666667,"groupId":5},"@type":"d","@version":0},"documentHeight":740,"customActionName":"autostub CA","tsDbInfoIsUsed":false,"tsApiInfoIsUsed":false},"@rid":"#30:10","@class":"customAction","isDeleted":false,"custActionInfo":{},"@type":"d","@version":65,"usedIn":["{\"testSuiteRid\":\"#28:64\",\"testCaseRid\":\"#20:299\"}","{\"testSuiteRid\":\"#28:64\",\"testCaseRid\":\"#20:285\"}"],"name":"autostub CA","@fieldTypes":"usedIn=e","tag":"autostub","userId":2},{"node":{"documentWidth":1280,"node":{"0":{"next":{"0":1},"sourceEndpoint":"Bottom","flowchartElement":"startCaElement_0","top":0.24074074074074073,"left":0.05546875,"groupId":0,"destEndpoint":"Top"},"1":{"next":{"0":2},"sourceEndpoint":"Right","flowchartElement":"processElement_1","top":0.3541666666666667,"left":0.040625,"inputs":{"Map to Previous Step":{"source":"Step ID","value":""},"URL":{"source":"URL","value":"http://172.30.66.78:3000/index.html"}},"groupId":1,"hasValueFromCSV":"no","destEndpoint":"Left","actionInfo":{"actionType":"UI Operations","actionTypeOuterKey":"UI_Operations","categoryHeaderLabel":"Open URL","action":"Launch URL"},"label":"CA login","screenshot":false},"2":{"next":{"0":3},"sourceEndpoint":"Right","flowchartElement":"web_InputElement_2","top":0.3472222222222222,"left":0.1703125,"inputs":{"Map to Previous Step":{"source":"Step ID","value":""},"Locate By":{"source":"id","value":"register"}},"groupId":2,"hasValueFromCSV":"no","destEndpoint":"Left","actionInfo":{"actionType":"Mouse Operations","actionTypeOuterKey":"Mouse_Operations","categoryHeaderLabel":"Click","action":"Left Single Click"},"label":"click on signup","screenshot":false},"3":{"next":{},"flowchartElement":"connectorElement_3","top":0.3645833333333333,"left":0.33359375,"groupId":3},"@type":"d","@version":0},"documentHeight":864,"customActionName":"autostub_register","tsDbInfoIsUsed":false,"tsApiInfoIsUsed":false},"@rid":"#30:11","@class":"customAction","isDeleted":false,"custActionInfo":{},"@type":"d","@version":40,"usedIn":["{\"testSuiteRid\":\"#28:64\",\"testCaseRid\":\"#20:297\"}","{\"testSuiteRid\":\"#28:64\",\"testCaseRid\":\"#20:298\"}","{\"testSuiteRid\":\"#28:64\",\"testCaseRid\":\"#20:296\"}"],"name":"autostub_register","@fieldTypes":"usedIn=e","tag":"autostub signup","userId":2},{"node":{"documentWidth":1600,"node":{"0":{"next":{"0":1},"sourceEndpoint":"Bottom","flowchartElement":"startCaElement_0","top":0.20270270270270271,"left":-0.01125,"groupId":0,"destEndpoint":"Left"},"1":{"next":{"0":3},"sourceEndpoint":"Right","flowchartElement":"web_InputElement_1","top":0.23648648648648649,"left":0.0475,"inputs":{"Map to Previous Step":{"source":"Step ID","value":""},"Locate By":{"source":"Xpath","value":"//button[@onclick='logOut();']"}},"groupId":1,"hasValueFromCSV":"no","destEndpoint":"Left","actionInfo":{"actionType":"Mouse Operations","actionTypeOuterKey":"Mouse_Operations","categoryHeaderLabel":"Click","action":"Left Single Click"},"label":"click on logout","screenshot":false},"2":{"next":{},"flowchartElement":"connectorElement_2","top":0.32297297297297295,"left":0.665,"groupId":2},"3":{"next":{"0":4},"sourceEndpoint":"Right","flowchartElement":"processElement_3","top":0.23513513513513515,"left":0.22625,"inputs":{"Time":{"source":"Userdefined","value":"2000"}},"groupId":3,"hasValueFromCSV":"no","destEndpoint":"Left","actionInfo":{"actionType":"UI Operations","actionTypeOuterKey":"UI_Operations","categoryHeaderLabel":"Wait","action":"Sleep"},"label":"wait","screenshot":false},"4":{"next":{"0":2},"sourceEndpoint":"Right","flowchartElement":"processElement_4","top":0.2648648648648649,"left":0.44125,"inputs":{"Map to Previous Step":{"source":"Step ID","value":""}},"groupId":4,"hasValueFromCSV":"no","destEndpoint":"Left","actionInfo":{"actionType":"UI Operations","actionTypeOuterKey":"UI_Operations","categoryHeaderLabel":"Close","action":"Close Browser"},"label":"close the browser","screenshot":false},"@type":"d","@version":0},"documentHeight":740,"customActionName":"Logout of Repopro","tsDbInfoIsUsed":false,"tsApiInfoIsUsed":false},"@rid":"#30:12","@class":"customAction","isDeleted":false,"custActionInfo":{},"@type":"d","@version":152,"usedIn":["{\"testSuiteRid\":\"#28:71\",\"testCaseRid\":\"#20:378\"}","{\"testSuiteRid\":\"#28:71\",\"testCaseRid\":\"#20:372\"}","{\"testSuiteRid\":\"#28:71\",\"testCaseRid\":\"#20:374\"}","{\"testSuiteRid\":\"#28:73\",\"testCaseRid\":\"#20:382\"}","{\"testSuiteRid\":\"#28:71\",\"testCaseRid\":\"#20:371\"}","{\"testSuiteRid\":\"#28:65\",\"testCaseRid\":\"#20:305\"}","{\"testSuiteRid\":\"#28:65\",\"testCaseRid\":\"#20:304\"}"],"name":"Logout of Repopro","@fieldTypes":"usedIn=e","tag":"Default","userId":2},{"node":{"documentWidth":1447,"node":{"0":{"next":{"0":6},"sourceEndpoint":"Bottom","flowchartElement":"startCaElement_0","top":0.22321428571428573,"left":-0.0082930200414651,"groupId":0,"destEndpoint":"Left"},"1":{"next":{"0":2},"sourceEndpoint":"Right","flowchartElement":"processElement_1","top":0.234375,"left":0.2100898410504492,"inputs":{"Map to Previous Step":{"source":"Step ID","value":""},"URL":{"source":"URL","value":"http://172.30.66.179:8080/repopro/login.html"}},"groupId":1,"hasValueFromCSV":"no","destEndpoint":"Left","actionInfo":{"actionType":"UI Operations","actionTypeOuterKey":"UI_Operations","categoryHeaderLabel":"Open URL","action":"Launch URL"},"label":"launch url","screenshot":false},"2":{"next":{"0":4},"sourceEndpoint":"Right","flowchartElement":"web_InputElement_2","top":0.22767857142857142,"left":0.308914996544575,"inputs":{"Map to Previous Step":{"source":"Step ID","value":""},"Locate By":{"source":"id","value":"username_view"},"Content":{"source":"Userdefined","value":"admin"}},"groupId":2,"hasValueFromCSV":"no","destEndpoint":"Left","actionInfo":{"actionType":"Set Operations","actionTypeOuterKey":"Set_Operations","categoryHeaderLabel":"Text Box","action":"Enter Content in Text Box"},"label":"Enter username","screenshot":false},"3":{"next":{},"flowchartElement":"connectorElement_3","top":0.23660714285714285,"left":0.8914996544574982,"groupId":3},"4":{"next":{"0":5},"sourceEndpoint":"Right","flowchartElement":"web_InputElement_4","top":0.2265625,"left":0.44091223220456116,"inputs":{"Map to Previous Step":{"source":"Step ID","value":""},"Locate By":{"source":"id","value":"password"},"Content":{"source":"Userdefined","value":"password"}},"groupId":4,"hasValueFromCSV":"no","destEndpoint":"Left","actionInfo":{"actionType":"Set Operations","actionTypeOuterKey":"Set_Operations","categoryHeaderLabel":"Text Box","action":"Enter Content in Text Box"},"label":"Enter password","screenshot":false},"5":{"next":{"0":3},"sourceEndpoint":"Right","flowchartElement":"web_InputElement_5","top":0.21986607142857142,"left":0.6005528680027643,"inputs":{"Map to Previous Step":{"source":"Step ID","value":""},"Locate By":{"source":"Xpath","value":"//button[contains(text(), 'Login')]"}},"groupId":5,"hasValueFromCSV":"no","destEndpoint":"Left","actionInfo":{"actionType":"Mouse Operations","actionTypeOuterKey":"Mouse_Operations","categoryHeaderLabel":"Click","action":"Left Single Click"},"label":"click on login button","screenshot":false},"6":{"next":{"0":1},"sourceEndpoint":"Right","flowchartElement":"processElement_6","top":0.22879464285714285,"left":0.0801658604008293,"inputs":{"Map to Previous Step":{"source":"Step ID","value":""}},"groupId":6,"hasValueFromCSV":"no","destEndpoint":"Left","actionInfo":{"actionType":"UI Operations","actionTypeOuterKey":"UI_Operations","categoryHeaderLabel":"Window","action":"Maximise Browser"},"label":"Maximize the browser","screenshot":false},"@type":"d","@version":0},"documentHeight":896,"customActionName":"Login repopro","tsDbInfoIsUsed":false,"tsApiInfoIsUsed":false},"@rid":"#30:13","@class":"customAction","isDeleted":false,"custActionInfo":{},"@type":"d","@version":1167,"usedIn":["{\"testSuiteRid\":\"#28:69\",\"testCaseRid\":\"#20:354\"}","{\"testSuiteRid\":\"#28:69\",\"testCaseRid\":\"#20:355\"}","{\"testSuiteRid\":\"#28:69\",\"testCaseRid\":\"#20:356\"}","{\"testSuiteRid\":\"#28:70\",\"testCaseRid\":\"#20:362\"}","{\"testSuiteRid\":\"#28:70\",\"testCaseRid\":\"#20:364\"}","{\"testSuiteRid\":\"#28:69\",\"testCaseRid\":\"#20:352\"}","{\"testSuiteRid\":\"#28:70\",\"testCaseRid\":\"#20:365\"}","{\"testSuiteRid\":\"#28:68\",\"testCaseRid\":\"#20:349\"}","{\"testSuiteRid\":\"#28:68\",\"testCaseRid\":\"#20:328\"}","{\"testSuiteRid\":\"#28:71\",\"testCaseRid\":\"#20:371\"}","{\"testSuiteRid\":\"#28:68\",\"testCaseRid\":\"#20:347\"}","{\"testSuiteRid\":\"#28:68\",\"testCaseRid\":\"#20:348\"}","{\"testSuiteRid\":\"#28:71\",\"testCaseRid\":\"#20:370\"}","{\"testSuiteRid\":\"#28:68\",\"testCaseRid\":\"#20:329\"}","{\"testSuiteRid\":\"#28:68\",\"testCaseRid\":\"#20:341\"}","{\"testSuiteRid\":\"#28:68\",\"testCaseRid\":\"#20:342\"}","{\"testSuiteRid\":\"#28:71\",\"testCaseRid\":\"#20:368\"}","{\"testSuiteRid\":\"#28:68\",\"testCaseRid\":\"#20:340\"}","{\"testSuiteRid\":\"#28:71\",\"testCaseRid\":\"#20:367\"}","{\"testSuiteRid\":\"#28:68\",\"testCaseRid\":\"#20:345\"}","{\"testSuiteRid\":\"#28:68\",\"testCaseRid\":\"#20:346\"}","{\"testSuiteRid\":\"#28:68\",\"testCaseRid\":\"#20:343\"}","{\"testSuiteRid\":\"#28:68\",\"testCaseRid\":\"#20:344\"}","{\"testSuiteRid\":\"#28:69\",\"testCaseRid\":\"#20:357\"}","{\"testSuiteRid\":\"#28:69\",\"testCaseRid\":\"#20:358\"}","{\"testSuiteRid\":\"#28:68\",\"testCaseRid\":\"#20:338\"}","{\"testSuiteRid\":\"#28:65\",\"testCaseRid\":\"#20:302\"}","{\"testSuiteRid\":\"#28:68\",\"testCaseRid\":\"#20:339\"}","{\"testSuiteRid\":\"#28:68\",\"testCaseRid\":\"#20:336\"}","{\"testSuiteRid\":\"#28:68\",\"testCaseRid\":\"#20:337\"}","{\"testSuiteRid\":\"#28:65\",\"testCaseRid\":\"#20:301\"}","{\"testSuiteRid\":\"#28:65\",\"testCaseRid\":\"#20:300\"}","{\"testSuiteRid\":\"#28:68\",\"testCaseRid\":\"#20:330\"}","{\"testSuiteRid\":\"#28:71\",\"testCaseRid\":\"#20:377\"}","{\"testSuiteRid\":\"#28:68\",\"testCaseRid\":\"#20:331\"}","{\"testSuiteRid\":\"#28:71\",\"testCaseRid\":\"#20:376\"}","{\"testSuiteRid\":\"#28:68\",\"testCaseRid\":\"#20:351\"}","{\"testSuiteRid\":\"#28:68\",\"testCaseRid\":\"#20:350\"}","{\"testSuiteRid\":\"#28:71\",\"testCaseRid\":\"#20:378\"}","{\"testSuiteRid\":\"#28:68\",\"testCaseRid\":\"#20:334\"}","{\"testSuiteRid\":\"#28:68\",\"testCaseRid\":\"#20:335\"}","{\"testSuiteRid\":\"#28:71\",\"testCaseRid\":\"#20:372\"}","{\"testSuiteRid\":\"#28:65\",\"testCaseRid\":\"#20:306\"}","{\"testSuiteRid\":\"#28:65\",\"testCaseRid\":\"#20:308\"}","{\"testSuiteRid\":\"#28:68\",\"testCaseRid\":\"#20:333\"}","{\"testSuiteRid\":\"#28:73\",\"testCaseRid\":\"#20:382\"}","{\"testSuiteRid\":\"#28:70\",\"testCaseRid\":\"#20:361\"}"],"name":"Login repopro","@fieldTypes":"usedIn=e","tag":"Default","userId":2},{"node":{"documentWidth":1381,"node":{"0":{"next":{"0":1},"sourceEndpoint":"Bottom","flowchartElement":"startCaElement_0","top":0.24171779141104294,"left":-0.002172338884866039,"groupId":0,"destEndpoint":"Left"},"1":{"next":{"0":3},"sourceEndpoint":"Right","flowchartElement":"web_InputElement_1","top":0.2674846625766871,"left":0.11151339608979001,"inputs":{"Map to Previous Step":{"source":"Step ID","value":""},"Locate By":{"source":"Xpath","value":"//p[.='Save']"}},"groupId":1,"hasValueFromCSV":"no","destEndpoint":"Left","actionInfo":{"actionType":"Mouse Operations","actionTypeOuterKey":"Mouse_Operations","categoryHeaderLabel":"Click","action":"Left Single Click"},"label":"click on save asset","screenshot":false},"2":{"next":{},"flowchartElement":"connectorElement_2","top":0.2343558282208589,"left":0.8935553946415641,"groupId":2},"3":{"next":{"0":4},"sourceEndpoint":"Right","flowchartElement":"web_InputElement_3","top":0.2809815950920245,"left":0.24619840695148443,"inputs":{"Map to Previous Step":{"source":"Step ID","value":""},"Locate By":{"source":"Xpath","value":"//a[.='createdinstance']/../../..//i[@class='trash icon deleteEditIcon']"}},"groupId":3,"hasValueFromCSV":"no","destEndpoint":"Left","actionInfo":{"actionType":"Mouse Operations","actionTypeOuterKey":"Mouse_Operations","categoryHeaderLabel":"Click","action":"Left Single Click"},"label":"click on instance","screenshot":false},"4":{"next":{"0":5},"sourceEndpoint":"Right","flowchartElement":"processElement_4","top":0.26134969325153373,"left":0.38088341781317886,"inputs":{"Time":{"source":"Userdefined","value":"2000"}},"groupId":4,"hasValueFromCSV":"no","destEndpoint":"Left","actionInfo":{"actionType":"UI Operations","actionTypeOuterKey":"UI_Operations","categoryHeaderLabel":"Wait","action":"Sleep"},"label":"Wait","screenshot":false},"5":{"next":{"0":6},"sourceEndpoint":"Right","flowchartElement":"web_InputElement_5","top":0.2773006134969325,"left":0.5184648805213613,"inputs":{"Map to Previous Step":{"source":"Step ID","value":""},"Locate By":{"source":"Xpath","value":"//button[.='Yes']"}},"groupId":5,"hasValueFromCSV":"no","destEndpoint":"Left","actionInfo":{"actionType":"Mouse Operations","actionTypeOuterKey":"Mouse_Operations","categoryHeaderLabel":"Click","action":"Left Single Click"},"label":"click on Yes","screenshot":false},"6":{"next":{"0":2},"sourceEndpoint":"Right","flowchartElement":"web_InputElement_6","top":0.2687116564417178,"left":0.6495293265749457,"inputs":{"Map to Previous Step":{"source":"Step ID","value":""},"Locate By":{"source":"Xpath","value":"//a[.='Home']"}},"groupId":6,"hasValueFromCSV":"no","destEndpoint":"Left","actionInfo":{"actionType":"Mouse Operations","actionTypeOuterKey":"Mouse_Operations","categoryHeaderLabel":"Click","action":"Left Single Click"},"label":"click on bread crumb","screenshot":false},"@type":"d","@version":0},"documentHeight":815,"customActionName":"delete instance","tsDbInfoIsUsed":false,"tsApiInfoIsUsed":false},"@rid":"#30:14","@class":"customAction","isDeleted":false,"custActionInfo":{},"@type":"d","@version":160,"usedIn":["{\"testSuiteRid\":\"#28:70\",\"testCaseRid\":\"#20:361\"}"],"name":"delete instance","@fieldTypes":"usedIn=e","tag":"Default","userId":2}],"exportVersion":11,"fileType":3}